{
    "accuracy": 0.9422092172640819,
    "precision": 0.8580645161290322,
    "recall": 0.7,
    "f1_score": 0.7710144927536232,
    "roc_auc": 0.9256092653042973
}
